recipient,address,balance,transactions
0,0xCC5AE77FD7EbF3E33Df715329F4e257F19d6dd31,98.28,61
1,0x5FEFb33E39b3f63069F84801099C6EA665a7C7e4,99.98,3
2,0x3A8720196d80ffAD5D7223FE1C3f0Dda460Ee29D,99.98,7
3,0xba9Abe97302f55acA78296D9C883a92ADf332a85,100.00,0
4,0xe2a84bf4Fb216Fb18Ed45a1C188654A873418849,100.00,0
5,0x36a961B64eD420a9b6f026689a153dC305D02345,100.00,0
6,0x7cba210574ae9057Ba06DF0988CDE6cB332AA515,100.00,0
7,0x5aCF3B73b99A5F503c68D8Fe795b8233B3CeD41a,100.00,0
8,0x199815C054Fd96cC80c54BC313135467b7aCCa37,100.00,0
9,0x533FD92f583571Eb72b4E38A1317Ce5eFE810C1f,100.00,0